{"x": [10000, 40000, 90000, 250000, 360000, 490000, 640000, 810000, 1000000, 4000000, 16000000, 25000000, 100000000, 900000000], "python_x": [10000, 40000, 90000, 250000], "python_brute_numpy_index": [0.0057135820388793945, 0.02281665802001953, 0.0523524284362793, 0.14617419242858887], "numpy_brute": [0.00047659873962402344, 0.0011661052703857422, 0.0021131038665771484, 0.004506111145019531, 0.006091952323913574, 0.007856965065002441, 0.009692668914794922, 0.01184988021850586, 0.014176487922668457, 0.04830658435821533, 0.17435956001281738, 0.26247692108154297, 0.9720817804336548, 8.5285804271698], "scikit_brute": [0.00011897087097167969, 0.0002148151397705078, 0.0003688335418701172, 0.00209808349609375, 0.002741694450378418, 0.0035238265991210938, 0.0036020278930664062, 0.004532337188720703, 0.005540728569030762, 0.020814061164855957, 0.0845332145690918, 0.13100147247314453, 0.4951605796813965, 4.448983430862427], "scikit_kd": [0.0001621246337890625, 0.0002009868621826172, 0.00024175643920898438, 0.0003349781036376953, 0.0004538297653198242, 0.0004335641860961914, 0.0004886388778686523, 0.0005375146865844727, 0.000579833984375, 0.0011436939239501953, 0.002398848533630371, 0.003101944923400879, 0.006544828414916992, 0.02297532558441162], "scipy_kd": [3.528594970703125e-05, 5.841255187988281e-05, 8.320808410644531e-05, 0.0001430511474609375, 0.00017964839935302734, 0.00023221969604492188, 0.00026917457580566406, 0.00030732154846191406, 0.00035011768341064453, 0.000762939453125, 0.001694321632385254, 0.0021094083786010742, 0.004489421844482422, 0.015092015266418457], "scipy_kd_compact": [3.600120544433594e-05, 5.936622619628906e-05, 8.58306884765625e-05, 0.00014793872833251953, 0.00018775463104248047, 0.00023806095123291016, 0.00027811527252197266, 0.0003186464309692383, 0.0003600120544433594, 0.0007959604263305664, 0.001759648323059082, 0.0021893978118896484, 0.0046569108963012695, 0.015674710273742676], "rust_brute": [9.5367431640625e-06, 3.8623809814453125e-05, 8.940696716308594e-05, 0.00025093555450439453, 0.0003610849380493164, 0.0004897117614746094, 0.0006415843963623047, 0.0008080005645751953, 0.0009989738464355469, 0.003995537757873535, 0.016348838806152344, 0.025501728057861328, 0.10196077823638916, 0.9150866270065308], "rust_kd": [5.9604644775390625e-06, 1.239776611328125e-05, 2.7179718017578125e-05, 7.414817810058594e-05, 9.381771087646484e-05, 0.00011563301086425781, 0.00013947486877441406, 0.0001633167266845703, 0.0001838207244873047, 0.00041556358337402344, 0.0009303092956542969, 0.001206040382385254, 0.0026578903198242188, 0.008990645408630371], "rust_brute_par": [1.2874603271484375e-05, 1.811981201171875e-05, 2.2649765014648438e-05, 3.6716461181640625e-05, 5.1975250244140625e-05, 5.7578086853027344e-05, 6.663799285888672e-05, 7.998943328857422e-05, 9.500980377197266e-05, 0.0003502368927001953, 0.001177072525024414, 0.0017576217651367188, 0.006864786148071289, 0.06351315975189209], "rust_kd_par": [1.6450881958007812e-05, 2.4318695068359375e-05, 5.459785461425781e-05, 8.07046890258789e-05, 0.0001043081283569336, 0.00010263919830322266, 0.00011718273162841797, 0.00012087821960449219, 0.0001342296600341797, 0.00022935867309570312, 0.00045359134674072266, 0.0005835294723510742, 0.0011028051376342773, 0.003326416015625]}